{"start_time": 15041817104.559141, "end_time": 15041817109.718824, "read_duration": 3.0281425239809323, "inference_duration": 2.1311530769744422, "write_duration": 0.00032684096368029714, "total_duration": 5.1596808433532715, "sample_count": 2060}