{
    "count": 100,
    "successes": 100,
    "failed_to_download": 0,
    "failed_to_resize": 0,
    "duration": 5.154952764511108,
    "start_time": 1671310945.037048,
    "end_time": 1671310950.1920009,
    "status_dict": {
        "success": 100
    }
}